Workbook

Sheet README
A1: Soybean rust early warning — weather predictor features for all 101 trials
A3: What this workbook contains
A4: For each weather source, one sheet with the 101 trials (rows) and 32 features (16 features × 2 windows).
A5: R4 window = 14 days before the estimated R4 date; R6 window = 14 days before the estimated R6 date.
A6: R4 and R6 were estimated from each trial's sowing date, days to flowering (R1) and days to maturity (R8), using the relative stage positions of the Manitoba Soybean Plant Development Guide (R4 = R1 + 0.33×(R8−R1); R6 = R1 + 0.60×(R8−R1)).
A7: Rust severity = mean score of all genotypes in the trial, on the 1–5 scale, after recoding 0 as 1 (no rust).
A9: Sheets
A10: Feature dictionary — definition, unit, raw variable and scientific basis of each of the 16 features.
A11: Completeness check — counts filled values per feature and source (formulas); 101 = no missing values.
A12: Example 3 trials — E0156, E0104 and E0198 side by side (IFS 9 km, R4 window).
A13: ERA5 25km — ERA5 reanalysis, 0.25° (~25 km), hourly.
A14: ERA5-Land 11km — ERA5-Land 0.1° (~11 km) for temperature, humidity, soil moisture; ERA5 25 km for rain, wind, radiation; hourly.
... A23: 5. Data produced by SBR_early_warning_notebook1_v2.ipynb (run in Google Colab). Weather accessed through the Open-Meteo Historical Weather API and NOAA ERDDAP.

Sheet Feature dictionary
A1: # | B1: Feature | C1: Column names in source sheets | D1: Definition | E1: Unit | F1: Raw hourly/daily variable | G1: Scientific basis
A2: 1 | B2: wet_hours | C2: R4_wet_hours | R6_wet_hours | D2: Total hours with relative humidity ≥ 90% (leaf-wetness proxy) | E2: hours (max 336) | F2: relative_humidity_2m (hourly) | G2: Leaf wetness drives spore germination
A3: 2 | B3: wet_days6 | C3: R4_wet_days6 | R6_wet_days6 | D3: Days with ≥ 6 wet hours | E3: days (max 14) | F3: relative_humidity_2m (hourly) | G3: ≥ 6 h wetness needed for infection (Melching et al. 1989)
A4: 3 | B4: infect_days | C4: R4_infect_days | R6_infect_days | D4: Days with ≥ 6 wet hours AND mean temperature during wet hours 17–29 °C | E4: days (max 14) | F4: relative_humidity_2m + temperature_2m (hourly) | G4: Favourable infection conditions (Favoretto et al. 2025; Melching et al. 1989)
A5: 4 | B5: tmin | C5: R4_tmin | R6_tmin | D5: Mean of daily minimum temperature | E5: °C | F5: temperature_2m (hourly → daily min) | G5: Min temperature, as requested by supervisor instead of plain mean
A6: 5 | B6: tmax | C6: R4_tmax | R6_tmax | D6: Mean of daily maximum temperature | E6: °C | F6: temperature_2m (hourly → daily max) | G6: Max temperature
A7: 6 | B7: hot_days | C7: R4_hot_days | R6_hot_days | D7: Days with maximum temperature > 30 °C | E7: days (max 14) | F7: temperature_2m | G7: High temperature suppresses infection
A8: 7 | B8: hours_T17_29 | C8: R4_hours_T17_29 | R6_hours_T17_29 | D8: Hours with temperature between 17 and 29 °C | E8: hours (max 336) | F8: temperature_2m | G8: Favourable temperature range (Favoretto et al. 2025)
A9: 8 | B9: rain_total | C9: R4_rain_total | R6_rain_total | D9: Total rainfall | E9: mm per 14 days | F9: precipitation (hourly) / CHIRPS precip (daily) | G9: Rainfall models of rust severity (Del Ponte et al. 2006)
A10: 9 | B10: rain_days | C10: R4_rain_days | R6_rain_days | D10: Days with ≥ 1 mm rain | E10: days (max 14) | F10: precipitation / CHIRPS | G10: Del Ponte et al. 2006
A11: 10 | B11: rh_mean | C11: R4_rh_mean | R6_rh_mean | D11: Mean relative humidity | E11: % | F11: relative_humidity_2m (derived from temperature and dew point) | G11: Air moisture
A12: 11 | B12: vpd_mean | C12: R4_vpd_mean | R6_vpd_mean | D12: Mean vapour pressure deficit (drying power of the air; low = humid) | E12: kPa | F12: vapour_pressure_deficit (derived) | G12: Air moisture / drying
A13: 12 | B13: srad | C13: R4_srad | R6_srad | D13: Mean shortwave solar radiation (24-h mean, includes night zeros) | E13: W/m² | F13: shortwave_radiation | G13: Solar (UV) radiation reduces spore survival
... A17: 16 | B17: soilm | C17: R4_soilm | R6_soilm | D17: Mean volumetric soil moisture, 0–7 cm | E17: m³/m³ | F17: soil_moisture_0_to_7cm | G17: Canopy humidity, crop water status

Sheet Completeness check
A1: Filled values per feature column (should be 101 = no missing values in any trial)
A2: Feature column | B2: ERA5 25km | C2: ERA5-Land 11km | D2: IFS 9km | E2: IFS+CHIRPS
A3: R4_wet_hours | B3: =COUNT('ERA5 25km'!M4:M104) -> 101 | C3: =COUNT('ERA5-Land 11km'!M4:M104) -> 101 | D3: =COUNT('IFS 9km'!M4:M104) -> 101 | E3: =COUNT('IFS+CHIRPS'!M4:M104) -> 101
A4: R4_wet_days6 | B4: =COUNT('ERA5 25km'!N4:N104) -> 101 | C4: =COUNT('ERA5-Land 11km'!N4:N104) -> 101 | D4: =COUNT('IFS 9km'!N4:N104) -> 101 | E4: =COUNT('IFS+CHIRPS'!N4:N104) -> 101
A5: R4_infect_days | B5: =COUNT('ERA5 25km'!O4:O104) -> 101 | C5: =COUNT('ERA5-Land 11km'!O4:O104) -> 101 | D5: =COUNT('IFS 9km'!O4:O104) -> 101 | E5: =COUNT('IFS+CHIRPS'!O4:O104) -> 101
A6: R4_tmin | B6: =COUNT('ERA5 25km'!P4:P104) -> 101 | C6: =COUNT('ERA5-Land 11km'!P4:P104) -> 101 | D6: =COUNT('IFS 9km'!P4:P104) -> 101 | E6: =COUNT('IFS+CHIRPS'!P4:P104) -> 101
A7: R4_tmax | B7: =COUNT('ERA5 25km'!Q4:Q104) -> 101 | C7: =COUNT('ERA5-Land 11km'!Q4:Q104) -> 101 | D7: =COUNT('IFS 9km'!Q4:Q104) -> 101 | E7: =COUNT('IFS+CHIRPS'!Q4:Q104) -> 101
A8: R4_hot_days | B8: =COUNT('ERA5 25km'!R4:R104) -> 101 | C8: =COUNT('ERA5-Land 11km'!R4:R104) -> 101 | D8: =COUNT('IFS 9km'!R4:R104) -> 101 | E8: =COUNT('IFS+CHIRPS'!R4:R104) -> 101
A9: R4_hours_T17_29 | B9: =COUNT('ERA5 25km'!S4:S104) -> 101 | C9: =COUNT('ERA5-Land 11km'!S4:S104) -> 101 | D9: =COUNT('IFS 9km'!S4:S104) -> 101 | E9: =COUNT('IFS+CHIRPS'!S4:S104) -> 101
A10: R4_rain_total | B10: =COUNT('ERA5 25km'!T4:T104) -> 101 | C10: =COUNT('ERA5-Land 11km'!T4:T104) -> 101 | D10: =COUNT('IFS 9km'!T4:T104) -> 101 | E10: =COUNT('IFS+CHIRPS'!T4:T104) -> 101
A11: R4_rain_days | B11: =COUNT('ERA5 25km'!U4:U104) -> 101 | C11: =COUNT('ERA5-Land 11km'!U4:U104) -> 101 | D11: =COUNT('IFS 9km'!U4:U104) -> 101 | E11: =COUNT('IFS+CHIRPS'!U4:U104) -> 101
A12: R4_rh_mean | B12: =COUNT('ERA5 25km'!V4:V104) -> 101 | C12: =COUNT('ERA5-Land 11km'!V4:V104) -> 101 | D12: =COUNT('IFS 9km'!V4:V104) -> 101 | E12: =COUNT('IFS+CHIRPS'!V4:V104) -> 101
A13: R4_vpd_mean | B13: =COUNT('ERA5 25km'!W4:W104) -> 101 | C13: =COUNT('ERA5-Land 11km'!W4:W104) -> 101 | D13: =COUNT('IFS 9km'!W4:W104) -> 101 | E13: =COUNT('IFS+CHIRPS'!W4:W104) -> 101
A14: R4_srad | B14: =COUNT('ERA5 25km'!X4:X104) -> 101 | C14: =COUNT('ERA5-Land 11km'!X4:X104) -> 101 | D14: =COUNT('IFS 9km'!X4:X104) -> 101 | E14: =COUNT('IFS+CHIRPS'!X4:X104) -> 101
A15: R4_wind | B15: =COUNT('ERA5 25km'!Y4:Y104) -> 101 | C15: =COUNT('ERA5-Land 11km'!Y4:Y104) -> 101 | D15: =COUNT('IFS 9km'!Y4:Y104) -> 101 | E15: =COUNT('IFS+CHIRPS'!Y4:Y104) -> 101
A16: R4_wind_sin | B16: =COUNT('ERA5 25km'!Z4:Z104) -> 101 | C16: =COUNT('ERA5-Land 11km'!Z4:Z104) -> 101 | D16: =COUNT('IFS 9km'!Z4:Z104) -> 101 | E16: =COUNT('IFS+CHIRPS'!Z4:Z104) -> 101
A17: R4_wind_cos | B17: =COUNT('ERA5 25km'!AA4:AA104) -> 101 | C17: =COUNT('ERA5-Land 11km'!AA4:AA104) -> 101 | D17: =COUNT('IFS 9km'!AA4:AA104) -> 101 | E17: =COUNT('IFS+CHIRPS'!AA4:AA104) -> 101
A18: R4_soilm | B18: =COUNT('ERA5 25km'!AB4:AB104) -> 101 | C18: =COUNT('ERA5-Land 11km'!AB4:AB104) -> 101 | D18: =COUNT('IFS 9km'!AB4:AB104) -> 101 | E18: =COUNT('IFS+CHIRPS'!AB4:AB104) -> 101
A19: R6_wet_hours | B19: =COUNT('ERA5 25km'!AC4:AC104) -> 101 | C19: =COUNT('ERA5-Land 11km'!AC4:AC104) -> 101 | D19: =COUNT('IFS 9km'!AC4:AC104) -> 101 | E19: =COUNT('IFS+CHIRPS'!AC4:AC104) -> 101
A20: R6_wet_days6 | B20: =COUNT('ERA5 25km'!AD4:AD104) -> 101 | C20: =COUNT('ERA5-Land 11km'!AD4:AD104) -> 101 | D20: =COUNT('IFS 9km'!AD4:AD104) -> 101 | E20: =COUNT('IFS+CHIRPS'!AD4:AD104) -> 101
A21: R6_infect_days | B21: =COUNT('ERA5 25km'!AE4:AE104) -> 101 | C21: =COUNT('ERA5-Land 11km'!AE4:AE104) -> 101 | D21: =COUNT('IFS 9km'!AE4:AE104) -> 101 | E21: =COUNT('IFS+CHIRPS'!AE4:AE104) -> 101
A22: R6_tmin | B22: =COUNT('ERA5 25km'!AF4:AF104) -> 101 | C22: =COUNT('ERA5-Land 11km'!AF4:AF104) -> 101 | D22: =COUNT('IFS 9km'!AF4:AF104) -> 101 | E22: =COUNT('IFS+CHIRPS'!AF4:AF104) -> 101
A23: R6_tmax | B23: =COUNT('ERA5 25km'!AG4:AG104) -> 101 | C23: =COUNT('ERA5-Land 11km'!AG4:AG104) -> 101 | D23: =COUNT('IFS 9km'!AG4:AG104) -> 101 | E23: =COUNT('IFS+CHIRPS'!AG4:AG104) -> 101
A24: R6_hot_days | B24: =COUNT('ERA5 25km'!AH4:AH104) -> 101 | C24: =COUNT('ERA5-Land 11km'!AH4:AH104) -> 101 | D24: =COUNT('IFS 9km'!AH4:AH104) -> 101 | E24: =COUNT('IFS+CHIRPS'!AH4:AH104) -> 101
A25: R6_hours_T17_29 | B25: =COUNT('ERA5 25km'!AI4:AI104) -> 101 | C25: =COUNT('ERA5-Land 11km'!AI4:AI104) -> 101 | D25: =COUNT('IFS 9km'!AI4:AI104) -> 101 | E25: =COUNT('IFS+CHIRPS'!AI4:AI104) -> 101
A26: R6_rain_total | B26: =COUNT('ERA5 25km'!AJ4:AJ104) -> 101 | C26: =COUNT('ERA5-Land 11km'!AJ4:AJ104) -> 101 | D26: =COUNT('IFS 9km'!AJ4:AJ104) -> 101 | E26: =COUNT('IFS+CHIRPS'!AJ4:AJ104) -> 101
A27: R6_rain_days | B27: =COUNT('ERA5 25km'!AK4:AK104) -> 101 | C27: =COUNT('ERA5-Land 11km'!AK4:AK104) -> 101 | D27: =COUNT('IFS 9km'!AK4:AK104) -> 101 | E27: =COUNT('IFS+CHIRPS'!AK4:AK104) -> 101
A28: R6_rh_mean | B28: =COUNT('ERA5 25km'!AL4:AL104) -> 101 | C28: =COUNT('ERA5-Land 11km'!AL4:AL104) -> 101 | D28: =COUNT('IFS 9km'!AL4:AL104) -> 101 | E28: =COUNT('IFS+CHIRPS'!AL4:AL104) -> 101
A29: R6_vpd_mean | B29: =COUNT('ERA5 25km'!AM4:AM104) -> 101 | C29: =COUNT('ERA5-Land 11km'!AM4:AM104) -> 101 | D29: =COUNT('IFS 9km'!AM4:AM104) -> 101 | E29: =COUNT('IFS+CHIRPS'!AM4:AM104) -> 101
A30: R6_srad | B30: =COUNT('ERA5 25km'!AN4:AN104) -> 101 | C30: =COUNT('ERA5-Land 11km'!AN4:AN104) -> 101 | D30: =COUNT('IFS 9km'!AN4:AN104) -> 101 | E30: =COUNT('IFS+CHIRPS'!AN4:AN104) -> 101
A31: R6_wind | B31: =COUNT('ERA5 25km'!AO4:AO104) -> 101 | C31: =COUNT('ERA5-Land 11km'!AO4:AO104) -> 101 | D31: =COUNT('IFS 9km'!AO4:AO104) -> 101 | E31: =COUNT('IFS+CHIRPS'!AO4:AO104) -> 101
A32: R6_wind_sin | B32: =COUNT('ERA5 25km'!AP4:AP104) -> 101 | C32: =COUNT('ERA5-Land 11km'!AP4:AP104) -> 101 | D32: =COUNT('IFS 9km'!AP4:AP104) -> 101 | E32: =COUNT('IFS+CHIRPS'!AP4:AP104) -> 101
A33: R6_wind_cos | B33: =COUNT('ERA5 25km'!AQ4:AQ104) -> 101 | C33: =COUNT('ERA5-Land 11km'!AQ4:AQ104) -> 101 | D33: =COUNT('IFS 9km'!AQ4:AQ104) -> 101 | E33: =COUNT('IFS+CHIRPS'!AQ4:AQ104) -> 101
A34: R6_soilm | B34: =COUNT('ERA5 25km'!AR4:AR104) -> 101 | C34: =COUNT('ERA5-Land 11km'!AR4:AR104) -> 101 | D34: =COUNT('IFS 9km'!AR4:AR104) -> 101 | E34: =COUNT('IFS+CHIRPS'!AR4:AR104) -> 101
A35: Total filled cells (32 × 101 = 3232) | B35: =SUM(B3:B34) -> 3232 | C35: =SUM(C3:C34) -> 3232 | D35: =SUM(D3:D34) -> 3232 | E35: =SUM(E3:E34) -> 3232
A36: Number of trials in sheet | B36: =COUNTA('ERA5 25km'!A4:A104) -> 101 | C36: =COUNTA('ERA5-Land 11km'!A4:A104) -> 101 | D36: =COUNTA('IFS 9km'!A4:A104) -> 101 | E36: =COUNTA('IFS+CHIRPS'!A4:A104) -> 101

Sheet Example 3 trials
A1: Three contrasting trials, IFS 9 km, R4 window (14 days before estimated R4)
A2: Item | B2: E0156 — heavy rust | C2: E0104 — all scores 0 | D2: E0198 — dry season
A3: Country / location | B3: Malawi, L011 | C3: Zambia, L074 | D3: Malawi, L0104
A4: Sowing date | B4: 10/12/2020 | C4: 24/12/2019 | D4: 24/06/2021
A5: Window | B5: 31/01/2021 – 14/02/2021 | C5: 12/02/2020 – 26/02/2020 | D5: 25/08/2021 – 08/09/2021
A6: Rust severity (1–5) | B6: 3.9 | C6: 1 | D6: 1
A7: wet_hours | B7: 176 | C7: 191 | D7: 0
A8: wet_days6 | B8: 14 | C8: 14 | D8: 0
A9: infect_days | B9: 14 | C9: 14 | D9: 0
A10: tmin | B10: 18.1 | C10: 18.3 | D10: 19.3
A11: tmax | B11: 25.7 | C11: 26.3 | D11: 30.4
A12: hot_days | B12: 0 | C12: 0 | D12: 10
A13: hours_T17_29 | B13: 335 | C13: 334 | D13: 265
A14: rain_total | B14: 102.5 | C14: 72.6 | D14: 2.8
A15: rain_days | B15: 10 | C15: 11 | D15: 1
A16: rh_mean | B16: 86.7 | C16: 86.3 | D16: 43.6
A17: vpd_mean | B17: 0.39 | C17: 0.42 | D17: 1.9
... A22: soilm | B22: 0.47 | C22: 0.376 | D22: 0.089
A24: Interpretation: E0198 (dry season) had no wet hours and 10 hot days → no rust, as expected. E0156 and E0104 had almost identical, highly favourable weather (14 infection days each), yet E0156 had heavy rust and E0104 recorded all zeros — either rust was not assessed in E0104 or no inoculum arrived. Weather creates the conditions; the pathogen must still be present.

Sheet ERA5 25km
A1: ERA5 25km: ERA5 reanalysis, 0.25° (~25 km), hourly. One row per trial; 16 features for the R4 window (blue) and 16 for the R6 window (green).
A2: Trial information | M2: R4 window (14 days before estimated R4) | AC2: R6 window (14 days before estimated R6)
A3: Trial (env) | B3: Country | C3: Location | D3: Year | E3: Season | F3: Water regime | G3: Latitude | H3: Longitude | I3: Sowing date | J3: Est. R4 date | K3: Est. R6 date | L3: Rust severity (trial mean, 1–5) | M3: wet_hours | N3: wet_days6 | O3: infect_days | P3: tmin | Q3: tmax | R3: hot_days | S3: hours_T17_29 | T3: rain_total | U3: rain_days | V3: rh_mean | W3: vpd_mean | X3: srad | Y3: wind | Z3: wind_sin | AA3: wind_cos | AB3: soilm | AC3: wet_hours | AD3: wet_days6 | AE3: infect_days | AF3: tmin | AG3: tmax | AH3: hot_days | AI3: hours_T17_29 | AJ3: rain_total | AK3: rain_days | AL3: rh_mean | AM3: vpd_mean | AN3: srad | AO3: wind | AP3: wind_sin | AQ3: wind_cos | AR3: soilm
A4: E016 | B4: Malawi | C4: L011 | D4: 2017 | E4: 2 | F4: Rainfed | G4: -13.983 | H4: 33.633 | I4: 43087 | J4: 43162 | K4: 43180 | L4: 1.8888889 | M4: 138 | N4: 12 | O4: 12 | P4: 18.164286 | Q4: 26.364286 | R4: 0 | S4: 335 | T4: 54.3 | U4: 9 | V4: 82.119048 | W4: 0.53354167 | X4: 230 | Y4: 1.928125 | Z4: 0.57364206 | AA4: 0.15457885 | AB4: 0.36331845 | AC4: 131 | AD4: 12 | AE4: 12 | AF4: 17.421429 | AG4: 26.357143 | AH4: 0 | AI4: 326 | AJ4: 37.1 | AK4: 6 | AL4: 81.47619 | AM4: 0.54470238 | AN4: 228.72619 | AO4: 1.9541369 | AP4: 0.51035268 | AQ4: -0.43040036 | AR4: 0.44603274
A5: E015 | B5: Malawi | C5: L010 | D5: 2017 | E5: 2 | F5: Rainfed | G5: -13.667 | H5: 34.25 | I5: 43088 | J5: 43150 | K5: 43169 | L5: 1.5555556 | M5: 159 | N5: 12 | O5: 12 | P5: 21.828571 | Q5: 27.671429 | R5: 0 | S5: 324 | T5: 156.2 | U5: 9 | V5: 85.770833 | W5: 0.48083333 | X5: 214.875 | Y5: 1.7375298 | Z5: 0.3726939 | AA5: 0.11861469 | AB5: 0.40603571 | AC5: 157 | AD5: 14 | AE5: 14 | AF5: 21.835714 | AG5: 28.371429 | AH5: 2 | AI5: 323 | AJ5: 106.1 | AK5: 12 | AL5: 85.869048 | AM5: 0.47809524 | AN5: 225.20536 | AO5: 1.265506 | AP5: -0.071151494 | AQ5: -0.071562765 | AR5: 0.40059524
A6: E018 | B6: Malawi | C6: L013 | D6: 2017 | E6: 2 | F6: Rainfed | G6: -10.933 | H6: 33.683 | I6: 43090 | J6: 43164 | K6: 43179 | L6: 1.0277778 | M6: 134 | N6: 12 | O6: 12 | P6: 18.028571 | Q6: 26.114286 | R6: 0 | S6: 326 | T6: 108.7 | U6: 10 | V6: 81.66369 | W6: 0.55065476 | X6: 194.52083 | Y6: 1.7714583 | Z6: 0.20155268 | AA6: 0.27014665 | AB6: 0.28220833 | AC6: 172 | AD6: 13 | AE6: 13 | AF6: 17.328571 | AG6: 25.421429 | AH6: 0 | AI6: 325 | AJ6: 128 | AK6: 13 | AL6: 86.556548 | AM6: 0.37491071 | AN6: 195.77679 | AO6: 1.2831845 | AP6: 0.29823186 | AQ6: 0.082961076 | AR6: 0.38922917
A7: E020 | B7: Malawi | C7: L015 | D7: 2017 | E7: 2 | F7: Rainfed | G7: -12.933 | H7: 33.467 | I7: 43090 | J7: 43160 | K7: 43176 | L7: 1 | M7: 114 | N7: 9 | O7: 9 | P7: 19.485714 | Q7: 27.885714 | R7: 0 | S7: 332 | T7: 36.5 | U7: 7 | V7: 80.360119 | W7: 0.62127976 | X7: 246.50595 | Y7: 2.6253274 | Z7: 0.77601804 | AA7: 0.25932316 | AB7: 0.2753631 | AC7: 163 | AD7: 14 | AE7: 14 | AF7: 18.885714 | AG7: 26.521429 | AH7: 0 | AI7: 336 | AJ7: 77.1 | AK7: 9 | AL7: 84.017857 | AM7: 0.4833631 | AN7: 205.33036 | AO7: 1.781994 | AP7: 0.18363822 | AQ7: -0.10467847 | AR7: 0.37154762
A8: E021 | B8: Malawi | C8: L016 | D8: 2017 | E8: 2 | F8: Rainfed | G8: -13.417 | H8: 33.617 | I8: 43111 | J8: 43180 | K8: 43196 | L8: 1 | M8: 132 | N8: 13 | O8: 13 | P8: 17.835714 | Q8: 26.807143 | R8: 0 | S8: 330 | T8: 49 | U8: 8 | V8: 81.416667 | W8: 0.55642857 | X8: 228.1131 | Y8: 1.8549107 | Z8: 0.53347817 | AA8: -0.41981383 | AB8: 0.46256845 | AC8: 109 | AD8: 13 | AE8: 13 | AF8: 18.4 | AG8: 26.557143 | AH8: 0 | AI8: 336 | AJ8: 23.1 | AK8: 6 | AL8: 81.27381 | AM8: 0.54455357 | AN8: 226.875 | AO8: 2.750625 | AP8: 0.94081965 | AQ8: 0.0067529701 | AR8: 0.41214881
A9: E019 | B9: Malawi | C9: L014 | D9: 2017 | E9: 2 | F9: Rainfed | G9: -12.95 | H9: 33.683 | I9: 43115 | J9: 43184 | K9: 43201 | L9: 1 | M9: 176 | N9: 14 | O9: 14 | P9: 18.135714 | Q9: 25.964286 | R9: 0 | S9: 329 | T9: 45 | U9: 10 | V9: 86.095238 | W9: 0.40482143 | X9: 207.13095 | Y9: 2.0725893 | Z9: 0.86275262 | AA9: -0.06031408 | AB9: 0.43949405 | AC9: 164 | AD9: 14 | AE9: 14 | AF9: 17.971429 | AG9: 25.628571 | AH9: 0 | AI9: 335 | AJ9: 34.6 | AK9: 9 | AL9: 85.791667 | AM9: 0.40592262 | AN9: 213.37798 | AO9: 2.6427679 | AP9: 0.96581042 | AQ9: 0.018684893 | AR9: 0.38559226
A10: E017 | B10: Malawi | C10: L012 | D10: 2017 | E10: 2 | F10: Rainfed | G10: -9.926 | H10: 33.909 | I10: 43132 | J10: 43201 | K10: 43218 | L10: 1.0833333 | M10: 115 | N10: 11 | O10: 11 | P10: 22.121429 | Q10: 28.978571 | R10: 1 | S10: 321 | T10: 37.6 | U10: 10 | V10: 82.797619 | W10: 0.58607143 | X10: 210.89286 | Y10: 1.2671726 | Z10: 0.22024325 | AA10: -0.20209287 | AB10: 0.44797619 | AC10: 93 | AD10: 9 | AE10: 9 | AF10: 21.478571 | AG10: 27.471429 | AH10: 0 | AI10: 336 | AJ10: 52.7 | AK10: 9 | AL10: 82.857143 | AM10: 0.53857143 | AN10: 188.34524 | AO10: 1.2264286 | AP10: 0.094028144 | AQ10: 0.013805541 | AR10: 0.45395536
A11: E024 | B11: Malawi | C11: L019 | D11: 2018 | E11: 1 | F11: Rainfed | G11: -13.419 | H11: 33.615 | I11: 43286 | J11: 43376 | K11: 43393 | L11: 1 | M11: 0 | N11: 0 | O11: 0 | P11: 18.392857 | Q11: 29.321429 | R11: 4 | S11: 300 | T11: 0.5 | U11: 0 | V11: 43.654762 | W11: 1.7539286 | X11: 292.54167 | Y11: 4.6140774 | Z11: 0.92594689 | AA11: 0.10586978 | AB11: 0.19822619 | AC11: 0 | AD11: 0 | AE11: 0 | AF11: 19.228571 | AG11: 30.342857 | AH11: 8 | AI11: 280 | AJ11: 5.1 | AK11: 1 | AL11: 48.35119 | AM11: 1.7036607 | AN11: 288.3631 | AO11: 3.725 | AP11: 0.90873168 | AQ11: 0.014017127 | AR11: 0.2059256
A12: E025 | B12: Malawi | C12: L020 | D12: 2018 | E12: 1 | F12: Rainfed | G12: -14.264 | H12: 34.57 | I12: 43294 | J12: 43365 | K12: 43375 | L12: 1 | M12: 2 | N12: 0 | O12: 0 | P12: 23.292857 | Q12: 29.278571 | R12: 6 | S12: 276 | T12: 0.6 | U12: 0 | V12: 58.467262 | W12: 1.4940476 | X12: 269.47619 | Y12: 2.1640774 | Z12: 0.52468683 | AA12: -0.1155241 | AB12: 0.20235714 | AC12: 0 | AD12: 0 | AE12: 0 | AF12: 23.928571 | AG12: 30.128571 | AH12: 8 | AI12: 263 | AJ12: 0 | AK12: 0 | AL12: 52.425595 | AM12: 1.7471726 | AN12: 300.05952 | AO12: 2.691756 | AP12: 0.71559554 | AQ12: -0.11413557 | AR12: 0.19649107
A13: E022 | B13: Malawi | C13: L017 | D13: 2018 | E13: 1 | F13: Rainfed | G13: -13.672 | H13: 32.659 | I13: 43306 | J13: 43376 | K13: 43394 | L13: 1.65 | M13: 0 | N13: 0 | O13: 0 | P13: 18.471429 | Q13: 30.1 | R13: 9 | S13: 269 | T13: 0.1 | U13: 0 | V13: 40.997024 | W13: 1.9197321 | X13: 283.06548 | Y13: 4.5436012 | Z13: 0.89817536 | AA13: 0.01134884 | AB13: 0.1907619 | AC13: 0 | AD13: 0 | AE13: 0 | AF13: 19.721429 | AG13: 30.8 | AH13: 7 | AI13: 267 | AJ13: 4.8 | AK13: 2 | AL13: 46.863095 | AM13: 1.8235714 | AN13: 285.21429 | AO13: 3.5632143 | AP13: 0.82228651 | AQ13: -0.23288133 | AR13: 0.20149702
A14: E034 | B14: Malawi | C14: L025 | D14: 2018 | E14: 2 | F14: Rainfed | G14: -14.217 | H14: 33.7 | I14: 43441 | J14: 43516 | K14: 43528 | L14: 1 | M14: 144 | N14: 14 | O14: 14 | P14: 18.542857 | Q14: 26.55 | R14: 0 | S14: 335 | T14: 100.6 | U14: 11 | V14: 84.71131 | W14: 0.44940476 | X14: 215.6875 | Y14: 2.199881 | Z14: 0.44538962 | AA14: 0.20176201 | AB14: 0.47747619 | AC14: 96 | AD14: 8 | AE14: 8 | AF14: 17.542857 | AG14: 27.178571 | AH14: 0 | AI14: 315 | AJ14: 69.5 | AK14: 6 | AL14: 78.366071 | AM14: 0.66026786 | AN14: 234.36012 | AO14: 1.8618155 | AP14: 0.34426239 | AQ14: -0.61491204 | AR14: 0.4303244
A15: E032 | B15: Malawi | C15: L024 | D15: 2018 | E15: 2 | F15: Rainfed | G15: -15.922 | H15: 35.073 | I15: 43447 | J15: 43504 | K15: 43519 | L15: 2.5 | M15: 118 | N15: 8 | O15: 7 | P15: 17.528571 | Q15: 24.242857 | R15: 0 | S15: 324 | T15: 86.8 | U15: 8 | V15: 82.529762 | W15: 0.45761905 | X15: 216.93452 | Y15: 1.9002381 | Z15: 0.49365009 | AA15: -0.60220345 | AB15: 0.43315179 | AC15: 117 | AD15: 10 | AE15: 10 | AF15: 17.564286 | AG15: 24.85 | AH15: 0 | AI15: 327 | AJ15: 94.6 | AK15: 9 | AL15: 82.872024 | AM15: 0.468125 | AN15: 220.40774 | AO15: 2.1454762 | AP15: 0.40042474 | AQ15: 0.04381799 | AR15: 0.4620744
... A104: E0285 | B104: Zambia | C104: L0136 | D104: 2023 | E104: 2 | F104: Rainfed | G104: -12.423 | H104: 26.217 | I104: 45291 | J104: 45360 | K104: 45377 | L104: 1.2413793 | M104: 132 | N104: 13 | O104: 13 | P104: 17.957143 | Q104: 28.228571 | R104: 4 | S104: 314 | T104: 38.6 | U104: 10 | V104: 79.857143 | W104: 0.65651786 | X104: 234.02976 | Y104: 1.8366369 | Z104: 0.38191158 | AA104: 0.23928462 | AB104: 0.42439583 | AC104: 145 | AD104: 14 | AE104: 13 | AF104: 17.821429 | AG104: 27.978571 | AH104: 0 | AI104: 325 | AJ104: 64.5 | AK104: 10 | AL104: 80.916667 | AM104: 0.60580357 | AN104: 240.47619 | AO104: 2.4928869 | AP104: 0.77709333 | AQ104: -0.022662315 | AR104: 0.4676131

Sheet ERA5-Land 11km
A1: ERA5-Land 11km: ERA5-Land 0.1° (~11 km) for temperature, humidity, soil moisture; ERA5 25 km for rain, wind, radiation; hourly. One row per trial; 16 features for the R4 window (blue) and 16 for the R6 window (green).
A2: Trial information | M2: R4 window (14 days before estimated R4) | AC2: R6 window (14 days before estimated R6)
A3: Trial (env) | B3: Country | C3: Location | D3: Year | E3: Season | F3: Water regime | G3: Latitude | H3: Longitude | I3: Sowing date | J3: Est. R4 date | K3: Est. R6 date | L3: Rust severity (trial mean, 1–5) | M3: wet_hours | N3: wet_days6 | O3: infect_days | P3: tmin | Q3: tmax | R3: hot_days | S3: hours_T17_29 | T3: rain_total | U3: rain_days | V3: rh_mean | W3: vpd_mean | X3: srad | Y3: wind | Z3: wind_sin | AA3: wind_cos | AB3: soilm | AC3: wet_hours | AD3: wet_days6 | AE3: infect_days | AF3: tmin | AG3: tmax | AH3: hot_days | AI3: hours_T17_29 | AJ3: rain_total | AK3: rain_days | AL3: rh_mean | AM3: vpd_mean | AN3: srad | AO3: wind | AP3: wind_sin | AQ3: wind_cos | AR3: soilm
A4: E016 | B4: Malawi | C4: L011 | D4: 2017 | E4: 2 | F4: Rainfed | G4: -13.983 | H4: 33.633 | I4: 43087 | J4: 43162 | K4: 43180 | L4: 1.8888889 | M4: 161 | N4: 14 | O4: 14 | P4: 17.864286 | Q4: 25.985714 | R4: 0 | S4: 329 | T4: 54.3 | U4: 9 | V4: 84.22619 | W4: 0.47047619 | X4: 230 | Y4: 1.928125 | Z4: 0.57364206 | AA4: 0.15457885 | AB4: 0.4193244 | AC4: 158 | AD4: 14 | AE4: 13 | AF4: 16.907143 | AG4: 25.471429 | AH4: 0 | AI4: 309 | AJ4: 37.1 | AK4: 6 | AL4: 83.229167 | AM4: 0.47967262 | AN4: 228.72619 | AO4: 1.9541369 | AP4: 0.51035268 | AQ4: -0.43040036 | AR4: 0.45933929
A5: E015 | B5: Malawi | C5: L010 | D5: 2017 | E5: 2 | F5: Rainfed | G5: -13.667 | H5: 34.25 | I5: 43088 | J5: 43150 | K5: 43169 | L5: 1.5555556 | M5: 184 | N5: 13 | O5: 13 | P5: 21.3 | Q5: 26.528571 | R5: 0 | S5: 336 | T5: 156.2 | U5: 9 | V5: 86.535714 | W5: 0.43511905 | X5: 214.875 | Y5: 1.7375298 | Z5: 0.3726939 | AA5: 0.11861469 | AB5: 0.39084524 | AC5: 177 | AD5: 14 | AE5: 14 | AF5: 20.921429 | AG5: 27.15 | AH5: 0 | AI5: 332 | AJ5: 106.1 | AK5: 12 | AL5: 87.005952 | AM5: 0.42285714 | AN5: 225.20536 | AO5: 1.265506 | AP5: -0.071151494 | AQ5: -0.071562765 | AR5: 0.38274107
A6: E018 | B6: Malawi | C6: L013 | D6: 2017 | E6: 2 | F6: Rainfed | G6: -10.933 | H6: 33.683 | I6: 43090 | J6: 43164 | K6: 43179 | L6: 1.0277778 | M6: 192 | N6: 14 | O6: 13 | P6: 16.828571 | Q6: 25.221429 | R6: 0 | S6: 311 | T6: 108.7 | U6: 10 | V6: 85.830357 | W6: 0.41407738 | X6: 194.52083 | Y6: 1.7714583 | Z6: 0.20155268 | AA6: 0.27014665 | AB6: 0.38822024 | AC6: 208 | AD6: 14 | AE6: 13 | AF6: 16.057143 | AG6: 24.364286 | AH6: 0 | AI6: 276 | AJ6: 128 | AK6: 13 | AL6: 89.241071 | AM6: 0.29110119 | AN6: 195.77679 | AO6: 1.2831845 | AP6: 0.29823186 | AQ6: 0.082961076 | AR6: 0.41556845
A7: E020 | B7: Malawi | C7: L015 | D7: 2017 | E7: 2 | F7: Rainfed | G7: -12.933 | H7: 33.467 | I7: 43090 | J7: 43160 | K7: 43176 | L7: 1 | M7: 136 | N7: 13 | O7: 13 | P7: 18.885714 | Q7: 26.957143 | R7: 0 | S7: 336 | T7: 36.5 | U7: 7 | V7: 81.863095 | W7: 0.56232143 | X7: 246.50595 | Y7: 2.6253274 | Z7: 0.77601804 | AA7: 0.25932316 | AB7: 0.29496131 | AC7: 177 | AD7: 14 | AE7: 14 | AF7: 18.121429 | AG7: 25.264286 | AH7: 0 | AI7: 335 | AJ7: 77.1 | AK7: 9 | AL7: 85.681548 | AM7: 0.41755952 | AN7: 205.33036 | AO7: 1.781994 | AP7: 0.18363822 | AQ7: -0.10467847 | AR7: 0.37961905
A8: E021 | B8: Malawi | C8: L016 | D8: 2017 | E8: 2 | F8: Rainfed | G8: -13.417 | H8: 33.617 | I8: 43111 | J8: 43180 | K8: 43196 | L8: 1 | M8: 163 | N8: 14 | O8: 13 | P8: 17.385714 | Q8: 25.885714 | R8: 0 | S8: 318 | T8: 49 | U8: 8 | V8: 84.089286 | W8: 0.46758929 | X8: 228.1131 | Y8: 1.8549107 | Z8: 0.53347817 | AA8: -0.41981383 | AB8: 0.45774107 | AC8: 158 | AD8: 14 | AE8: 14 | AF8: 18.535714 | AG8: 25.3 | AH8: 0 | AI8: 336 | AJ8: 23.1 | AK8: 6 | AL8: 84.714286 | AM8: 0.43053571 | AN8: 226.875 | AO8: 2.750625 | AP8: 0.94081965 | AQ8: 0.0067529701 | AR8: 0.42719345
A9: E019 | B9: Malawi | C9: L014 | D9: 2017 | E9: 2 | F9: Rainfed | G9: -12.95 | H9: 33.683 | I9: 43115 | J9: 43184 | K9: 43201 | L9: 1 | M9: 179 | N9: 14 | O9: 13 | P9: 17.65 | Q9: 25.142857 | R9: 0 | S9: 329 | T9: 45 | U9: 10 | V9: 86.636905 | W9: 0.37824405 | X9: 207.13095 | Y9: 2.0725893 | Z9: 0.86275262 | AA9: -0.06031408 | AB9: 0.377625 | AC9: 182 | AD9: 14 | AE9: 14 | AF9: 17.657143 | AG9: 24.535714 | AH9: 0 | AI9: 329 | AJ9: 34.6 | AK9: 9 | AL9: 86.857143 | AM9: 0.36214286 | AN9: 213.37798 | AO9: 2.6427679 | AP9: 0.96581042 | AQ9: 0.018684893 | AR9: 0.32716667
A10: E017 | B10: Malawi | C10: L012 | D10: 2017 | E10: 2 | F10: Rainfed | G10: -9.926 | H10: 33.909 | I10: 43132 | J10: 43201 | K10: 43218 | L10: 1.0833333 | M10: 40 | N10: 2 | O10: 2 | P10: 21.7 | Q10: 26.292857 | R10: 0 | S10: 336 | T10: 37.6 | U10: 10 | V10: 81.160714 | W10: 0.57690476 | X10: 210.89286 | Y10: 1.2671726 | Z10: 0.22024325 | AA10: -0.20209287 | AB10: 0.48300893 | AC10: 35 | AD10: 3 | AE10: 3 | AF10: 21.142857 | AG10: 25.085714 | AH10: 0 | AI10: 336 | AJ10: 52.7 | AK10: 9 | AL10: 80.494048 | AM10: 0.56321429 | AN10: 188.34524 | AO10: 1.2264286 | AP10: 0.094028144 | AQ10: 0.013805541 | AR10: 0.46898512
A11: E024 | B11: Malawi | C11: L019 | D11: 2018 | E11: 1 | F11: Rainfed | G11: -13.419 | H11: 33.615 | I11: 43286 | J11: 43376 | K11: 43393 | L11: 1 | M11: 0 | N11: 0 | O11: 0 | P11: 18.1 | Q11: 28.65 | R11: 3 | S11: 311 | T11: 0.5 | U11: 0 | V11: 44.258929 | W11: 1.6797917 | X11: 292.54167 | Y11: 4.6140774 | Z11: 0.92594689 | AA11: 0.10586978 | AB11: 0.1979256 | AC11: 0 | AD11: 0 | AE11: 0 | AF11: 18.871429 | AG11: 29.771429 | AH11: 5 | AI11: 290 | AJ11: 5.1 | AK11: 1 | AL11: 49.505952 | AM11: 1.613125 | AN11: 288.3631 | AO11: 3.725 | AP11: 0.90873168 | AQ11: 0.014017127 | AR11: 0.20227083
A12: E025 | B12: Malawi | C12: L020 | D12: 2018 | E12: 1 | F12: Rainfed | G12: -14.264 | H12: 34.57 | I12: 43294 | J12: 43365 | K12: 43375 | L12: 1 | M12: 0 | N12: 0 | O12: 0 | P12: 21.435714 | Q12: 30.421429 | R12: 9 | S12: 257 | T12: 0.6 | U12: 0 | V12: 49.229167 | W12: 1.8480357 | X12: 269.47619 | Y12: 2.1640774 | Z12: 0.52468683 | AA12: -0.1155241 | AB12: 0.15267262 | AC12: 0 | AD12: 0 | AE12: 0 | AF12: 22.042857 | AG12: 31.521429 | AH12: 13 | AI12: 231 | AJ12: 0 | AK12: 0 | AL12: 43.172619 | AM12: 2.145 | AN12: 300.05952 | AO12: 2.691756 | AP12: 0.71559554 | AQ12: -0.11413557 | AR12: 0.15101488
A13: E022 | B13: Malawi | C13: L017 | D13: 2018 | E13: 1 | F13: Rainfed | G13: -13.672 | H13: 32.659 | I13: 43306 | J13: 43376 | K13: 43394 | L13: 1.65 | M13: 0 | N13: 0 | O13: 0 | P13: 18.657143 | Q13: 30.321429 | R13: 9 | S13: 269 | T13: 0.1 | U13: 0 | V13: 38.443452 | W13: 2.0089286 | X13: 283.06548 | Y13: 4.5436012 | Z13: 0.89817536 | AA13: 0.01134884 | AB13: 0.20490774 | AC13: 0 | AD13: 0 | AE13: 0 | AF13: 19.842857 | AG13: 31.064286 | AH13: 10 | AI13: 253 | AJ13: 4.8 | AK13: 2 | AL13: 44.714286 | AM13: 1.9101488 | AN13: 285.21429 | AO13: 3.5632143 | AP13: 0.82228651 | AQ13: -0.23288133 | AR13: 0.21003571
A14: E034 | B14: Malawi | C14: L025 | D14: 2018 | E14: 2 | F14: Rainfed | G14: -14.217 | H14: 33.7 | I14: 43441 | J14: 43516 | K14: 43528 | L14: 1 | M14: 169 | N14: 14 | O14: 14 | P14: 18.178571 | Q14: 25.564286 | R14: 0 | S14: 333 | T14: 100.6 | U14: 11 | V14: 85.821429 | W14: 0.41092262 | X14: 215.6875 | Y14: 2.199881 | Z14: 0.44538962 | AA14: 0.20176201 | AB14: 0.46383631 | AC14: 138 | AD14: 13 | AE14: 10 | AF14: 16.642857 | AG14: 25.592857 | AH14: 0 | AI14: 309 | AJ14: 69.5 | AK14: 6 | AL14: 80.85119 | AM14: 0.56407738 | AN14: 234.36012 | AO14: 1.8618155 | AP14: 0.34426239 | AQ14: -0.61491204 | AR14: 0.42547024
A15: E032 | B15: Malawi | C15: L024 | D15: 2018 | E15: 2 | F15: Rainfed | G15: -15.922 | H15: 35.073 | I15: 43447 | J15: 43504 | K15: 43519 | L15: 2.5 | M15: 164 | N15: 14 | O15: 13 | P15: 17.835714 | Q15: 24.064286 | R15: 0 | S15: 328 | T15: 86.8 | U15: 8 | V15: 85.133929 | W15: 0.39666667 | X15: 216.93452 | Y15: 1.9002381 | Z15: 0.49365009 | AA15: -0.60220345 | AB15: 0.45712202 | AC15: 143 | AD15: 12 | AE15: 12 | AF15: 18.485714 | AG15: 24.771429 | AH15: 0 | AI15: 335 | AJ15: 94.6 | AK15: 9 | AL15: 84.488095 | AM15: 0.43613095 | AN15: 220.40774 | AO15: 2.1454762 | AP15: 0.40042474 | AQ15: 0.04381799 | AR15: 0.46919048
... A104: E0285 | B104: Zambia | C104: L0136 | D104: 2023 | E104: 2 | F104: Rainfed | G104: -12.423 | H104: 26.217 | I104: 45291 | J104: 45360 | K104: 45377 | L104: 1.2413793 | M104: 97 | N104: 9 | O104: 9 | P104: 18.214286 | Q104: 26.985714 | R104: 1 | S104: 328 | T104: 38.6 | U104: 10 | V104: 78.681548 | W104: 0.6489881 | X104: 234.02976 | Y104: 1.8366369 | Z104: 0.38191158 | AA104: 0.23928462 | AB104: 0.42613988 | AC104: 91 | AD104: 7 | AE104: 7 | AF104: 18.214286 | AG104: 27.042857 | AH104: 0 | AI104: 330 | AJ104: 64.5 | AK104: 10 | AL104: 78.690476 | AM104: 0.63133929 | AN104: 240.47619 | AO104: 2.4928869 | AP104: 0.77709333 | AQ104: -0.022662315 | AR104: 0.46101786

Sheet IFS 9km
A1: IFS 9km: ECMWF IFS operational model, 9 km, hourly. One row per trial; 16 features for the R4 window (blue) and 16 for the R6 window (green).
A2: Trial information | M2: R4 window (14 days before estimated R4) | AC2: R6 window (14 days before estimated R6)
A3: Trial (env) | B3: Country | C3: Location | D3: Year | E3: Season | F3: Water regime | G3: Latitude | H3: Longitude | I3: Sowing date | J3: Est. R4 date | K3: Est. R6 date | L3: Rust severity (trial mean, 1–5) | M3: wet_hours | N3: wet_days6 | O3: infect_days | P3: tmin | Q3: tmax | R3: hot_days | S3: hours_T17_29 | T3: rain_total | U3: rain_days | V3: rh_mean | W3: vpd_mean | X3: srad | Y3: wind | Z3: wind_sin | AA3: wind_cos | AB3: soilm | AC3: wet_hours | AD3: wet_days6 | AE3: infect_days | AF3: tmin | AG3: tmax | AH3: hot_days | AI3: hours_T17_29 | AJ3: rain_total | AK3: rain_days | AL3: rh_mean | AM3: vpd_mean | AN3: srad | AO3: wind | AP3: wind_sin | AQ3: wind_cos | AR3: soilm
A4: E016 | B4: Malawi | C4: L011 | D4: 2017 | E4: 2 | F4: Rainfed | G4: -13.983 | H4: 33.633 | I4: 43087 | J4: 43162 | K4: 43180 | L4: 1.8888889 | M4: 174 | N4: 14 | O4: 14 | P4: 17.771429 | Q4: 26.342857 | R4: 0 | S4: 333 | T4: 96.8 | U4: 10 | V4: 85.10119 | W4: 0.44595238 | X4: 240.41964 | Y4: 1.8980357 | Z4: 0.47687791 | AA4: -0.01596101 | AB4: 0.43215476 | AC4: 154 | AD4: 14 | AE4: 12 | AF4: 17.064286 | AG4: 25.614286 | AH4: 0 | AI4: 314 | AJ4: 44.8 | AK4: 9 | AL4: 83.678571 | AM4: 0.4697619 | AN4: 233.59821 | AO4: 1.9655952 | AP4: 0.36137733 | AQ4: -0.50476096 | AR4: 0.45714286
A5: E015 | B5: Malawi | C5: L010 | D5: 2017 | E5: 2 | F5: Rainfed | G5: -13.667 | H5: 34.25 | I5: 43088 | J5: 43150 | K5: 43169 | L5: 1.5555556 | M5: 129 | N5: 10 | O5: 10 | P5: 21.421429 | Q5: 27.342857 | R5: 0 | S5: 331 | T5: 221.8 | U5: 12 | V5: 84.044643 | W5: 0.51901786 | X5: 202.60714 | Y5: 1.9495833 | Z5: 0.034192041 | AA5: -0.059138227 | AB5: 0.39265476 | AC5: 137 | AD5: 11 | AE5: 11 | AF5: 20.914286 | AG5: 28.1 | AH5: 0 | AI5: 333 | AJ5: 145.1 | AK5: 13 | AL5: 84.741071 | AM5: 0.48919643 | AN5: 229.84821 | AO5: 1.5672024 | AP5: -0.16716484 | AQ5: -0.22194109 | AR5: 0.40313393
A6: E018 | B6: Malawi | C6: L013 | D6: 2017 | E6: 2 | F6: Rainfed | G6: -10.933 | H6: 33.683 | I6: 43090 | J6: 43164 | K6: 43179 | L6: 1.0277778 | M6: 114 | N6: 11 | O6: 11 | P6: 17.492857 | Q6: 25.564286 | R6: 0 | S6: 328 | T6: 145.9 | U6: 7 | V6: 79.741071 | W6: 0.58005952 | X6: 206.34524 | Y6: 2.2978274 | Z6: 0.2021363 | AA6: 0.22994169 | AB6: 0.28254167 | AC6: 146 | AD6: 13 | AE6: 13 | AF6: 16.857143 | AG6: 24.914286 | AH6: 0 | AI6: 309 | AJ6: 39.5 | AK6: 11 | AL6: 84.247024 | AM6: 0.42764881 | AN6: 232.19048 | AO6: 1.4852381 | AP6: 0.13149714 | AQ6: 0.14101317 | AR6: 0.3708869
A7: E020 | B7: Malawi | C7: L015 | D7: 2017 | E7: 2 | F7: Rainfed | G7: -12.933 | H7: 33.467 | I7: 43090 | J7: 43160 | K7: 43176 | L7: 1 | M7: 126 | N7: 11 | O7: 11 | P7: 19.007143 | Q7: 27.864286 | R7: 0 | S7: 335 | T7: 43.3 | U7: 6 | V7: 79.919643 | W7: 0.63791667 | X7: 259.03571 | Y7: 2.63375 | Z7: 0.76907681 | AA7: 0.22881886 | AB7: 0.25873214 | AC7: 167 | AD7: 14 | AE7: 14 | AF7: 18.1 | AG7: 25.8 | AH7: 0 | AI7: 333 | AJ7: 83.7 | AK7: 10 | AL7: 84.928571 | AM7: 0.44431548 | AN7: 212.43155 | AO7: 1.7298214 | AP7: 0.1750366 | AQ7: -0.15708142 | AR7: 0.3668631
A8: E021 | B8: Malawi | C8: L016 | D8: 2017 | E8: 2 | F8: Rainfed | G8: -13.417 | H8: 33.617 | I8: 43111 | J8: 43180 | K8: 43196 | L8: 1 | M8: 134 | N8: 14 | O8: 14 | P8: 17.214286 | Q8: 25.892857 | R8: 0 | S8: 319 | T8: 43.5 | U8: 10 | V8: 81.64881 | W8: 0.52669643 | X8: 240.13393 | Y8: 1.8340476 | Z8: 0.44805495 | AA8: -0.32075599 | AB8: 0.4494375 | AC8: 136 | AD8: 14 | AE8: 14 | AF8: 17.507143 | AG8: 25.614286 | AH8: 0 | AI8: 330 | AJ8: 15.6 | AK8: 3 | AL8: 79.547619 | AM8: 0.58425595 | AN8: 241.67262 | AO8: 2.7467857 | AP8: 0.93090019 | AQ8: 0.018246344 | AR8: 0.35926786
A9: E019 | B9: Malawi | C9: L014 | D9: 2017 | E9: 2 | F9: Rainfed | G9: -12.95 | H9: 33.683 | I9: 43115 | J9: 43184 | K9: 43201 | L9: 1 | M9: 181 | N9: 14 | O9: 14 | P9: 18.078571 | Q9: 25.392857 | R9: 0 | S9: 334 | T9: 63.2 | U9: 10 | V9: 85.89881 | W9: 0.4027381 | X9: 221.34226 | Y9: 2.5148214 | Z9: 0.81638404 | AA9: -0.26956247 | AB9: 0.35781548 | AC9: 177 | AD9: 14 | AE9: 14 | AF9: 17.821429 | AG9: 24.792857 | AH9: 0 | AI9: 335 | AJ9: 13 | AK9: 6 | AL9: 85.285714 | AM9: 0.41065476 | AN9: 225.49107 | AO9: 3.3533333 | AP9: 0.94225246 | AQ9: -0.21031242 | AR9: 0.25483036
A10: E017 | B10: Malawi | C10: L012 | D10: 2017 | E10: 2 | F10: Rainfed | G10: -9.926 | H10: 33.909 | I10: 43132 | J10: 43201 | K10: 43218 | L10: 1.0833333 | M10: 107 | N10: 10 | O10: 10 | P10: 22.157143 | Q10: 27.435714 | R10: 0 | S10: 336 | T10: 132.1 | U10: 13 | V10: 83.416667 | W10: 0.53931548 | X10: 234.4881 | Y10: 2.583006 | Z10: 0.23364597 | AA10: -0.13754347 | AB10: 0.4906756 | AC10: 118 | AD10: 12 | AE10: 12 | AF10: 21.528571 | AG10: 26.55 | AH10: 0 | AI10: 336 | AJ10: 60.2 | AK10: 11 | AL10: 83.985119 | AM10: 0.49654762 | AN10: 224.63095 | AO10: 2.5400893 | AP10: 0.12658012 | AQ10: -0.40260938 | AR10: 0.48387798
A11: E024 | B11: Malawi | C11: L019 | D11: 2018 | E11: 1 | F11: Rainfed | G11: -13.419 | H11: 33.615 | I11: 43286 | J11: 43376 | K11: 43393 | L11: 1 | M11: 0 | N11: 0 | O11: 0 | P11: 17.735714 | Q11: 28.285714 | R11: 2 | S11: 309 | T11: 0.4 | U11: 0 | V11: 46.75 | W11: 1.5727381 | X11: 280.62202 | Y11: 4.8441964 | Z11: 0.91244816 | AA11: 0.11944271 | AB11: 0.19288393 | AC11: 0 | AD11: 0 | AE11: 0 | AF11: 18.557143 | AG11: 29.371429 | AH11: 5 | AI11: 292 | AJ11: 3 | AK11: 1 | AL11: 50.416667 | AM11: 1.5522024 | AN11: 266.45238 | AO11: 4.3099107 | AP11: 0.90828828 | AQ11: 0.043194326 | AR11: 0.19832738
A12: E025 | B12: Malawi | C12: L020 | D12: 2018 | E12: 1 | F12: Rainfed | G12: -14.264 | H12: 34.57 | I12: 43294 | J12: 43365 | K12: 43375 | L12: 1 | M12: 0 | N12: 0 | O12: 0 | P12: 21.635714 | Q12: 31.385714 | R12: 11 | S12: 250 | T12: 0.6 | U12: 0 | V12: 49.080357 | W12: 1.8614286 | X12: 255.08333 | Y12: 2.315625 | Z12: -0.098685731 | AA12: -0.028679388 | AB12: 0.18479762 | AC12: 0 | AD12: 0 | AE12: 0 | AF12: 22.821429 | AG12: 32.342857 | AH12: 13 | AI12: 217 | AJ12: 0.2 | AK12: 0 | AL12: 42.133929 | AM12: 2.2176786 | AN12: 270.70833 | AO12: 2.6996429 | AP12: -0.12892928 | AQ12: -0.030746419 | AR12: 0.18352679
A13: E022 | B13: Malawi | C13: L017 | D13: 2018 | E13: 1 | F13: Rainfed | G13: -13.672 | H13: 32.659 | I13: 43306 | J13: 43376 | K13: 43394 | L13: 1.65 | M13: 2 | N13: 0 | O13: 0 | P13: 18.635714 | Q13: 30.614286 | R13: 10 | S13: 259 | T13: 0 | U13: 0 | V13: 39.401786 | W13: 1.9921131 | X13: 267.20833 | Y13: 5.3229762 | Z13: 0.88773466 | AA13: 0.02044171 | AB13: 0.19754464 | AC13: 0 | AD13: 0 | AE13: 0 | AF13: 19.778571 | AG13: 30.864286 | AH13: 9 | AI13: 256 | AJ13: 1.7 | AK13: 1 | AL13: 43.744048 | AM13: 1.9221726 | AN13: 253.5506 | AO13: 4.1241071 | AP13: 0.82072524 | AQ13: -0.23304707 | AR13: 0.19539881
A14: E034 | B14: Malawi | C14: L025 | D14: 2018 | E14: 2 | F14: Rainfed | G14: -14.217 | H14: 33.7 | I14: 43441 | J14: 43516 | K14: 43528 | L14: 1 | M14: 163 | N14: 14 | O14: 14 | P14: 18.185714 | Q14: 25.6 | R14: 0 | S14: 333 | T14: 106.3 | U14: 13 | V14: 86.157738 | W14: 0.39622024 | X14: 220.48214 | Y14: 2.0592262 | Z14: 0.36473751 | AA14: 0.11078909 | AB14: 0.48261607 | AC14: 131 | AD14: 13 | AE14: 10 | AF14: 16.55 | AG14: 26.185714 | AH14: 0 | AI14: 300 | AJ14: 46.8 | AK14: 6 | AL14: 80.083333 | AM14: 0.58366071 | AN14: 248.5744 | AO14: 1.8923214 | AP14: 0.33501706 | AQ14: -0.51220069 | AR14: 0.42927679
A15: E032 | B15: Malawi | C15: L024 | D15: 2018 | E15: 2 | F15: Rainfed | G15: -15.922 | H15: 35.073 | I15: 43447 | J15: 43504 | K15: 43519 | L15: 2.5 | M15: 175 | N15: 14 | O15: 13 | P15: 17.9 | Q15: 24.15 | R15: 0 | S15: 322 | T15: 56.2 | U15: 11 | V15: 86.333333 | W15: 0.36940476 | X15: 222.46726 | Y15: 2.6387202 | Z15: 0.6116704 | AA15: -0.39864192 | AB15: 0.45934226 | AC15: 169 | AD15: 12 | AE15: 12 | AF15: 18.642857 | AG15: 24.828571 | AH15: 0 | AI15: 332 | AJ15: 75.9 | AK15: 12 | AL15: 86.014881 | AM15: 0.39758929 | AN15: 221.69643 | AO15: 3.1448214 | AP15: 0.42326808 | AQ15: 0.10390291 | AR15: 0.48653571
... A104: E0285 | B104: Zambia | C104: L0136 | D104: 2023 | E104: 2 | F104: Rainfed | G104: -12.423 | H104: 26.217 | I104: 45291 | J104: 45360 | K104: 45377 | L104: 1.2413793 | M104: 140 | N104: 13 | O104: 12 | P104: 17.271429 | Q104: 28.2 | R104: 0 | S104: 318 | T104: 44.2 | U104: 9 | V104: 79.633929 | W104: 0.64354167 | X104: 257.79167 | Y104: 1.8402976 | Z104: 0.3281101 | AA104: 0.31018538 | AB104: 0.44191071 | AC104: 140 | AD104: 12 | AE104: 10 | AF104: 16.871429 | AG104: 28.057143 | AH104: 0 | AI104: 312 | AJ104: 43.4 | AK104: 9 | AL104: 79.482143 | AM104: 0.63303571 | AN104: 256.02976 | AO104: 2.1577679 | AP104: 0.66163768 | AQ104: 0.053253119 | AR104: 0.45824107

Sheet IFS+CHIRPS
A1: IFS+CHIRPS: IFS 9 km for all variables except rain; CHIRPS 0.05° (~5.5 km) daily rain where complete, otherwise IFS rain. One row per trial; 16 features for the R4 window (blue) and 16 for the R6 window (green).
A2: Trial information | M2: R4 window (14 days before estimated R4) | AC2: R6 window (14 days before estimated R6) | AS2: CHIRPS use
A3: Trial (env) | B3: Country | C3: Location | D3: Year | E3: Season | F3: Water regime | G3: Latitude | H3: Longitude | I3: Sowing date | J3: Est. R4 date | K3: Est. R6 date | L3: Rust severity (trial mean, 1–5) | M3: wet_hours | N3: wet_days6 | O3: infect_days | P3: tmin | Q3: tmax | R3: hot_days | S3: hours_T17_29 | T3: rain_total | U3: rain_days | V3: rh_mean | W3: vpd_mean | X3: srad | Y3: wind | Z3: wind_sin | AA3: wind_cos | AB3: soilm | AC3: wet_hours | AD3: wet_days6 | AE3: infect_days | AF3: tmin | AG3: tmax | AH3: hot_days | AI3: hours_T17_29 | AJ3: rain_total | AK3: rain_days | AL3: rh_mean | AM3: vpd_mean | AN3: srad | AO3: wind | AP3: wind_sin | AQ3: wind_cos | AR3: soilm | AS3: R4 rain from CHIRPS? | AT3: R6 rain from CHIRPS?
A4: E016 | B4: Malawi | C4: L011 | D4: 2017 | E4: 2 | F4: Rainfed | G4: -13.983 | H4: 33.633 | I4: 43087 | J4: 43162 | K4: 43180 | L4: 1.8888889 | M4: 174 | N4: 14 | O4: 14 | P4: 17.771429 | Q4: 26.342857 | R4: 0 | S4: 333 | T4: 96.8 | U4: 10 | V4: 85.10119 | W4: 0.44595238 | X4: 240.41964 | Y4: 1.8980357 | Z4: 0.47687791 | AA4: -0.01596101 | AB4: 0.43215476 | AC4: 154 | AD4: 14 | AE4: 12 | AF4: 17.064286 | AG4: 25.614286 | AH4: 0 | AI4: 314 | AJ4: 44.8 | AK4: 9 | AL4: 83.678571 | AM4: 0.4697619 | AN4: 233.59821 | AO4: 1.9655952 | AP4: 0.36137733 | AQ4: -0.50476096 | AR4: 0.45714286 | AS4: No (IFS rain) | AT4: No (IFS rain)
A5: E015 | B5: Malawi | C5: L010 | D5: 2017 | E5: 2 | F5: Rainfed | G5: -13.667 | H5: 34.25 | I5: 43088 | J5: 43150 | K5: 43169 | L5: 1.5555556 | M5: 129 | N5: 10 | O5: 10 | P5: 21.421429 | Q5: 27.342857 | R5: 0 | S5: 331 | T5: 221.8 | U5: 12 | V5: 84.044643 | W5: 0.51901786 | X5: 202.60714 | Y5: 1.9495833 | Z5: 0.034192041 | AA5: -0.059138227 | AB5: 0.39265476 | AC5: 137 | AD5: 11 | AE5: 11 | AF5: 20.914286 | AG5: 28.1 | AH5: 0 | AI5: 333 | AJ5: 145.1 | AK5: 13 | AL5: 84.741071 | AM5: 0.48919643 | AN5: 229.84821 | AO5: 1.5672024 | AP5: -0.16716484 | AQ5: -0.22194109 | AR5: 0.40313393 | AS5: No (IFS rain) | AT5: No (IFS rain)
A6: E018 | B6: Malawi | C6: L013 | D6: 2017 | E6: 2 | F6: Rainfed | G6: -10.933 | H6: 33.683 | I6: 43090 | J6: 43164 | K6: 43179 | L6: 1.0277778 | M6: 114 | N6: 11 | O6: 11 | P6: 17.492857 | Q6: 25.564286 | R6: 0 | S6: 328 | T6: 145.9 | U6: 7 | V6: 79.741071 | W6: 0.58005952 | X6: 206.34524 | Y6: 2.2978274 | Z6: 0.2021363 | AA6: 0.22994169 | AB6: 0.28254167 | AC6: 146 | AD6: 13 | AE6: 13 | AF6: 16.857143 | AG6: 24.914286 | AH6: 0 | AI6: 309 | AJ6: 39.5 | AK6: 11 | AL6: 84.247024 | AM6: 0.42764881 | AN6: 232.19048 | AO6: 1.4852381 | AP6: 0.13149714 | AQ6: 0.14101317 | AR6: 0.3708869 | AS6: No (IFS rain) | AT6: No (IFS rain)
A7: E020 | B7: Malawi | C7: L015 | D7: 2017 | E7: 2 | F7: Rainfed | G7: -12.933 | H7: 33.467 | I7: 43090 | J7: 43160 | K7: 43176 | L7: 1 | M7: 126 | N7: 11 | O7: 11 | P7: 19.007143 | Q7: 27.864286 | R7: 0 | S7: 335 | T7: 43.3 | U7: 6 | V7: 79.919643 | W7: 0.63791667 | X7: 259.03571 | Y7: 2.63375 | Z7: 0.76907681 | AA7: 0.22881886 | AB7: 0.25873214 | AC7: 167 | AD7: 14 | AE7: 14 | AF7: 18.1 | AG7: 25.8 | AH7: 0 | AI7: 333 | AJ7: 83.7 | AK7: 10 | AL7: 84.928571 | AM7: 0.44431548 | AN7: 212.43155 | AO7: 1.7298214 | AP7: 0.1750366 | AQ7: -0.15708142 | AR7: 0.3668631 | AS7: No (IFS rain) | AT7: No (IFS rain)
A8: E021 | B8: Malawi | C8: L016 | D8: 2017 | E8: 2 | F8: Rainfed | G8: -13.417 | H8: 33.617 | I8: 43111 | J8: 43180 | K8: 43196 | L8: 1 | M8: 134 | N8: 14 | O8: 14 | P8: 17.214286 | Q8: 25.892857 | R8: 0 | S8: 319 | T8: 43.5 | U8: 10 | V8: 81.64881 | W8: 0.52669643 | X8: 240.13393 | Y8: 1.8340476 | Z8: 0.44805495 | AA8: -0.32075599 | AB8: 0.4494375 | AC8: 136 | AD8: 14 | AE8: 14 | AF8: 17.507143 | AG8: 25.614286 | AH8: 0 | AI8: 330 | AJ8: 15.6 | AK8: 3 | AL8: 79.547619 | AM8: 0.58425595 | AN8: 241.67262 | AO8: 2.7467857 | AP8: 0.93090019 | AQ8: 0.018246344 | AR8: 0.35926786 | AS8: No (IFS rain) | AT8: No (IFS rain)
A9: E019 | B9: Malawi | C9: L014 | D9: 2017 | E9: 2 | F9: Rainfed | G9: -12.95 | H9: 33.683 | I9: 43115 | J9: 43184 | K9: 43201 | L9: 1 | M9: 181 | N9: 14 | O9: 14 | P9: 18.078571 | Q9: 25.392857 | R9: 0 | S9: 334 | T9: 63.2 | U9: 10 | V9: 85.89881 | W9: 0.4027381 | X9: 221.34226 | Y9: 2.5148214 | Z9: 0.81638404 | AA9: -0.26956247 | AB9: 0.35781548 | AC9: 177 | AD9: 14 | AE9: 14 | AF9: 17.821429 | AG9: 24.792857 | AH9: 0 | AI9: 335 | AJ9: 13 | AK9: 6 | AL9: 85.285714 | AM9: 0.41065476 | AN9: 225.49107 | AO9: 3.3533333 | AP9: 0.94225246 | AQ9: -0.21031242 | AR9: 0.25483036 | AS9: No (IFS rain) | AT9: No (IFS rain)
A10: E017 | B10: Malawi | C10: L012 | D10: 2017 | E10: 2 | F10: Rainfed | G10: -9.926 | H10: 33.909 | I10: 43132 | J10: 43201 | K10: 43218 | L10: 1.0833333 | M10: 107 | N10: 10 | O10: 10 | P10: 22.157143 | Q10: 27.435714 | R10: 0 | S10: 336 | T10: 132.1 | U10: 13 | V10: 83.416667 | W10: 0.53931548 | X10: 234.4881 | Y10: 2.583006 | Z10: 0.23364597 | AA10: -0.13754347 | AB10: 0.4906756 | AC10: 118 | AD10: 12 | AE10: 12 | AF10: 21.528571 | AG10: 26.55 | AH10: 0 | AI10: 336 | AJ10: 60.2 | AK10: 11 | AL10: 83.985119 | AM10: 0.49654762 | AN10: 224.63095 | AO10: 2.5400893 | AP10: 0.12658012 | AQ10: -0.40260938 | AR10: 0.48387798 | AS10: No (IFS rain) | AT10: No (IFS rain)
A11: E024 | B11: Malawi | C11: L019 | D11: 2018 | E11: 1 | F11: Rainfed | G11: -13.419 | H11: 33.615 | I11: 43286 | J11: 43376 | K11: 43393 | L11: 1 | M11: 0 | N11: 0 | O11: 0 | P11: 17.735714 | Q11: 28.285714 | R11: 2 | S11: 309 | T11: 0.4 | U11: 0 | V11: 46.75 | W11: 1.5727381 | X11: 280.62202 | Y11: 4.8441964 | Z11: 0.91244816 | AA11: 0.11944271 | AB11: 0.19288393 | AC11: 0 | AD11: 0 | AE11: 0 | AF11: 18.557143 | AG11: 29.371429 | AH11: 5 | AI11: 292 | AJ11: 3 | AK11: 1 | AL11: 50.416667 | AM11: 1.5522024 | AN11: 266.45238 | AO11: 4.3099107 | AP11: 0.90828828 | AQ11: 0.043194326 | AR11: 0.19832738 | AS11: No (IFS rain) | AT11: No (IFS rain)
A12: E025 | B12: Malawi | C12: L020 | D12: 2018 | E12: 1 | F12: Rainfed | G12: -14.264 | H12: 34.57 | I12: 43294 | J12: 43365 | K12: 43375 | L12: 1 | M12: 0 | N12: 0 | O12: 0 | P12: 21.635714 | Q12: 31.385714 | R12: 11 | S12: 250 | T12: 0.6 | U12: 0 | V12: 49.080357 | W12: 1.8614286 | X12: 255.08333 | Y12: 2.315625 | Z12: -0.098685731 | AA12: -0.028679388 | AB12: 0.18479762 | AC12: 0 | AD12: 0 | AE12: 0 | AF12: 22.821429 | AG12: 32.342857 | AH12: 13 | AI12: 217 | AJ12: 0.2 | AK12: 0 | AL12: 42.133929 | AM12: 2.2176786 | AN12: 270.70833 | AO12: 2.6996429 | AP12: -0.12892928 | AQ12: -0.030746419 | AR12: 0.18352679 | AS12: No (IFS rain) | AT12: No (IFS rain)
A13: E022 | B13: Malawi | C13: L017 | D13: 2018 | E13: 1 | F13: Rainfed | G13: -13.672 | H13: 32.659 | I13: 43306 | J13: 43376 | K13: 43394 | L13: 1.65 | M13: 2 | N13: 0 | O13: 0 | P13: 18.635714 | Q13: 30.614286 | R13: 10 | S13: 259 | T13: 0 | U13: 0 | V13: 39.401786 | W13: 1.9921131 | X13: 267.20833 | Y13: 5.3229762 | Z13: 0.88773466 | AA13: 0.02044171 | AB13: 0.19754464 | AC13: 0 | AD13: 0 | AE13: 0 | AF13: 19.778571 | AG13: 30.864286 | AH13: 9 | AI13: 256 | AJ13: 1.7 | AK13: 1 | AL13: 43.744048 | AM13: 1.9221726 | AN13: 253.5506 | AO13: 4.1241071 | AP13: 0.82072524 | AQ13: -0.23304707 | AR13: 0.19539881 | AS13: No (IFS rain) | AT13: No (IFS rain)
A14: E034 | B14: Malawi | C14: L025 | D14: 2018 | E14: 2 | F14: Rainfed | G14: -14.217 | H14: 33.7 | I14: 43441 | J14: 43516 | K14: 43528 | L14: 1 | M14: 163 | N14: 14 | O14: 14 | P14: 18.185714 | Q14: 25.6 | R14: 0 | S14: 333 | T14: 106.3 | U14: 13 | V14: 86.157738 | W14: 0.39622024 | X14: 220.48214 | Y14: 2.0592262 | Z14: 0.36473751 | AA14: 0.11078909 | AB14: 0.48261607 | AC14: 131 | AD14: 13 | AE14: 10 | AF14: 16.55 | AG14: 26.185714 | AH14: 0 | AI14: 300 | AJ14: 46.8 | AK14: 6 | AL14: 80.083333 | AM14: 0.58366071 | AN14: 248.5744 | AO14: 1.8923214 | AP14: 0.33501706 | AQ14: -0.51220069 | AR14: 0.42927679 | AS14: No (IFS rain) | AT14: No (IFS rain)
A15: E032 | B15: Malawi | C15: L024 | D15: 2018 | E15: 2 | F15: Rainfed | G15: -15.922 | H15: 35.073 | I15: 43447 | J15: 43504 | K15: 43519 | L15: 2.5 | M15: 175 | N15: 14 | O15: 13 | P15: 17.9 | Q15: 24.15 | R15: 0 | S15: 322 | T15: 56.2 | U15: 11 | V15: 86.333333 | W15: 0.36940476 | X15: 222.46726 | Y15: 2.6387202 | Z15: 0.6116704 | AA15: -0.39864192 | AB15: 0.45934226 | AC15: 169 | AD15: 12 | AE15: 12 | AF15: 18.642857 | AG15: 24.828571 | AH15: 0 | AI15: 332 | AJ15: 75.9 | AK15: 12 | AL15: 86.014881 | AM15: 0.39758929 | AN15: 221.69643 | AO15: 3.1448214 | AP15: 0.42326808 | AQ15: 0.10390291 | AR15: 0.48653571 | AS15: No (IFS rain) | AT15: No (IFS rain)
... A104: E0285 | B104: Zambia | C104: L0136 | D104: 2023 | E104: 2 | F104: Rainfed | G104: -12.423 | H104: 26.217 | I104: 45291 | J104: 45360 | K104: 45377 | L104: 1.2413793 | M104: 140 | N104: 13 | O104: 12 | P104: 17.271429 | Q104: 28.2 | R104: 0 | S104: 318 | T104: 56.875463 | U104: 6 | V104: 79.633929 | W104: 0.64354167 | X104: 257.79167 | Y104: 1.8402976 | Z104: 0.3281101 | AA104: 0.31018538 | AB104: 0.44191071 | AC104: 140 | AD104: 12 | AE104: 10 | AF104: 16.871429 | AG104: 28.057143 | AH104: 0 | AI104: 312 | AJ104: 58.951946 | AK104: 6 | AL104: 79.482143 | AM104: 0.63303571 | AN104: 256.02976 | AO104: 2.1577679 | AP104: 0.66163768 | AQ104: 0.053253119 | AR104: 0.45824107 | AS104: Yes | AT104: Yes
